,G,T1,T2,T3,T4,T5,T6,T7,T8,T9
0,0.46643700787401576,400.0,398.3025578,396.8496787,395.6347286,394.65052,393.8911567,393.352043,393.029891,392.9227264
1,0.7894173228346457,400.0,402.0699525,403.8297785,405.2957774,406.4797818,407.3912042,408.0372052,408.4228165,408.5510237
2,0.618755905511811,400.0,400.0439482,400.0798806,400.1098757,400.1341403,400.1528415,400.1661083,400.174032,400.1766672
3,0.3338267716535433,400.0,396.835856,394.1241355,391.8531771,390.0113531,388.5890059,387.5785331,386.9744547,386.7734637
4,0.523496062992126,400.0,398.9476673,398.0470748,397.294456,396.6850886,396.2151199,395.8815597,395.6822753,395.6159891
5,0.720755905511811,400.0,401.2451144,402.3041922,403.1871894,403.9008054,404.4504047,404.8400895,405.0727533,405.1501175
6,0.10003149606299212,400.0,394.3569247,389.5080196,385.4374312,382.1295298,379.57105,377.7513634,376.6627059,376.3003492
7,0.691007874015748,400.0,400.8918375,401.6503243,402.282935,402.7943392,403.188287,403.4676522,403.6344655,403.6899361
8,0.1591732283464567,400.0,394.9714682,390.6534622,387.0306988,384.0881472,381.8131194,380.1954952,379.2279067,378.9058776
9,0.269996062992126,400.0,396.1457588,392.840256,390.0701441,387.8222509,386.0855707,384.8513981,384.1134355,383.8678729
10,0.9426811023622047,400.0,403.9596526,407.3191017,410.1121998,412.3646537,414.0966099,415.3232181,416.055034,416.2982864
11,0.4572677165354331,400.0,398.1996852,396.6586555,395.3698577,394.3257403,393.5201032,392.9481108,392.6063016,392.4925963
12,0.9785157480314961,400.0,404.411357,408.1519598,411.2605043,413.7664552,415.692823,417.0568644,417.8705791,418.1410387
13,0.8011889763779527,400.0,402.2127018,404.0936473,405.6603133,406.925477,407.8992912,408.5894725,409.0014397,409.1384071
14,0.2985196850393701,400.0,396.4528813,393.4117518,390.8639628,388.7969871,387.2003862,386.0659205,385.3876393,385.1619465
15,0.3273740157480315,400.0,396.7656296,393.9935268,391.6718392,389.7887663,388.3345013,387.30132,386.6836532,386.4781389
16,0.4312047244094488,400.0,397.9084708,396.1177842,394.6197556,393.4058468,392.4690306,391.8038154,391.4062645,391.2740107
17,0.8598070866141733,400.0,402.9294212,405.4177917,407.4888617,409.1604065,410.4464694,411.3576777,411.9014696,412.0822478
18,0.21014566929133857,400.0,395.5078596,391.6526675,388.4198833,385.7952066,383.7666231,382.3245865,381.4621672,381.1751633
19,0.47362992125984255,400.0,398.3834104,396.9997977,395.8428648,394.9057155,394.1826968,393.6694047,393.36269,393.2606618
20,0.5538188976377952,400.0,399.2939969,398.6895414,398.1845791,397.7758435,397.4606771,397.2370222,397.1034138,397.058975
21,0.8781377952755905,400.0,403.1555761,405.8353724,408.0652464,409.8646382,411.2488797,412.2295569,412.814771,413.0093138
22,0.6308031496062992,400.0,400.1843335,400.3400073,400.4699398,400.5750371,400.656031,400.713485,400.7477985,400.7592099
23,0.7992952755905511,400.0,402.1897112,404.0511529,405.6016104,406.853708,407.8174781,408.5005475,408.9082722,409.0438295
24,0.8450511811023622,400.0,402.7480744,405.0828621,407.0264684,408.5953636,409.8025793,410.6579875,411.168504,411.3382242
25,0.9497165354330709,400.0,404.0480369,407.4821028,410.336978,412.6390909,414.4091394,415.6626798,416.4105465,416.6591313
26,0.5194251968503937,400.0,398.901358,397.9611486,397.1753854,396.5391587,396.048461,395.7001811,395.4920998,395.422887
27,0.2688149606299213,400.0,396.1330851,392.8166686,390.0373763,387.7820105,386.0395433,384.801251,384.0608221,383.8144385
28,0.9600944881889764,400.0,404.1786787,407.7230036,410.6691439,413.044607,414.8709138,416.1642265,416.9357951,417.1922539
29,0.6848031496062992,400.0,400.8184613,401.5144805,402.095034,402.5643826,402.9259499,403.1823609,403.3354711,403.3863855
30,0.9995787401574803,400.0,404.6786371,408.6445514,411.9394258,414.5950296,416.6361219,418.0812409,418.9432623,419.2297683
31,0.7618110236220472,400.0,401.7367218,403.2136314,404.444372,405.4386353,406.2041517,406.7468143,407.0707704,407.1784835
32,0.7855748031496063,400.0,402.0234411,403.7437934,405.1769777,406.3345226,407.2256017,407.8571963,408.2342128,408.3595633
33,0.5057244094488189,400.0,398.7458227,397.6725219,396.7753892,396.0488968,395.4885269,395.0907686,394.8531154,394.7740646
34,0.8162047244094488,400.0,402.3953624,404.4312243,406.1266038,407.4955116,408.5490641,409.2957012,409.7413446,409.8895048
35,0.8830787401574803,400.0,403.2167012,405.9482162,408.2209822,410.0548969,411.4656455,412.4650762,413.0614717,413.2597299
36,0.6669685039370079,400.0,400.6081425,401.1250446,401.5562881,401.9049857,402.1736426,402.3641822,402.4779654,402.5158034
37,0.720507874015748,400.0,401.2421587,402.2987227,403.1796268,403.8915528,404.4398516,404.8286147,405.0607284,405.1379098
38,0.7861141732283464,400.0,402.0299673,403.7558586,405.1936478,406.3549057,407.2488398,407.8824561,408.2606788,408.3864302
39,0.873996062992126,400.0,403.1043926,405.7408755,407.9348239,409.7052973,411.0673337,412.0323001,412.6081468,412.7995769
40,0.13565748031496064,400.0,394.7261169,390.1962367,386.3948133,383.3065464,380.9184931,379.2203109,378.2044603,377.8663561
41,0.4574330708661417,400.0,398.2015384,396.6620969,395.3746297,394.3315919,393.5267887,392.9553889,392.6139339,392.5003466
42,0.2280748031496063,400.0,395.6980307,392.0067937,388.9120685,386.3998613,384.4584348,383.0784753,382.2532292,381.978604
43,0.6625354330708662,400.0,400.5560003,401.0284808,401.4226851,401.7414465,401.9870466,402.1612376,402.2652596,402.2998517
44,0.5006771653543307,400.0,398.6886497,397.5664132,396.628323,395.8686287,395.2826283,394.8666664,394.6181329,394.5354622
45,0.20714566929133857,400.0,395.4761158,391.5935491,388.3377092,385.6942471,383.651104,382.1986964,381.3300662,381.0409941
46,0.13315748031496064,400.0,394.700111,390.1477667,386.327396,383.2236726,380.8236282,379.1168984,378.0959264,377.7561165
47,0.10853543307086615,400.0,394.4447774,389.6718097,385.6653069,382.4097097,379.8918226,378.1010801,377.0297676,376.673189
48,0.7460944881889764,400.0,401.5479692,402.8645159,403.9618351,404.8484463,405.5311552,406.0151561,406.3041077,406.4001845
49,0.7804094488188976,400.0,401.9609834,403.6283209,405.0174291,406.1394305,407.0031806,407.6154208,407.9808904,408.1024027
50,0.7454606299212598,400.0,401.5403712,402.8504611,403.9424071,404.8246822,405.5040554,405.985693,406.2732343,406.3688423
51,0.3371338582677165,400.0,396.8718882,394.1911453,391.9462094,390.125543,388.7195664,387.72074,387.1236305,386.9249592
52,0.7929212598425197,400.0,402.112402,403.9082502,405.4041917,406.6123381,407.542321,408.2014655,408.5949177,408.7257311
53,0.9418582677165355,400.0,403.9493251,407.3000541,410.085932,412.3325815,414.060085,415.283545,416.0134845,416.2561135
54,0.18681889763779527,400.0,395.2616082,391.19401,387.7822952,385.0118037,382.8701922,381.3476357,380.4369928,380.1339294
55,0.5527086614173229,400.0,399.2812733,398.6659427,398.1518886,397.7357896,397.4149429,397.1872558,397.0512381,397.0059979
56,0.8262795275590551,400.0,402.5182787,404.6583449,406.4402759,407.8789278,408.9860765,409.7706556,410.2389297,410.3946111
57,0.7956496062992126,400.0,402.1454795,403.9693941,405.4886632,406.7156172,407.6600587,408.3294415,408.7290016,408.8618451
58,0.8446535433070866,400.0,402.7431962,405.0738515,407.0140275,408.5801598,409.785253,410.6391591,411.1487797,411.3182022
59,0.8081417322834645,400.0,402.2971995,404.2498178,405.8760397,407.1892097,408.199924,408.9162321,409.3437845,409.4859319
60,0.10627952755905512,400.0,394.4214554,389.6283301,385.6048168,382.3353369,379.8066761,378.0082518,376.932336,376.5742239
61,0.20183464566929135,400.0,395.4199719,391.4889847,388.1923602,385.515665,383.4467634,381.9760067,381.0963877,380.8036561
62,0.17673228346456693,400.0,395.1555361,390.9964096,387.5075662,384.6742036,382.483847,380.9265594,379.9951137,379.6851222
63,0.8310629921259842,400.0,402.5767403,404.7663563,406.5894352,408.06124,409.1938628,409.9964742,410.4755032,410.634759
64,0.9189724409448818,400.0,403.6628776,406.7716479,409.35712,411.4426246,413.0464889,414.1825193,414.860348,415.0856639
65,0.5171929133858267,400.0,398.8759827,397.9140631,397.1101354,396.4591878,395.9571286,395.6007806,395.3878775,395.3170606
66,0.9344606299212599,400.0,403.8565654,407.1289622,409.8499734,412.044472,413.7319669,414.9271376,415.6402167,415.8772442
67,0.7030354330708661,400.0,401.0343768,401.9141785,402.647864,403.2409099,403.6977089,404.0216246,404.215032,404.2793446
68,0.6845787401574803,400.0,400.8158095,401.5095708,402.0882426,402.556071,402.9164677,403.1720489,403.3246636,403.3754133
69,0.36669291338582677,400.0,397.1951745,394.7922516,392.7806159,391.1495804,389.8902959,388.9958133,388.4611332,388.283242
70,0.7623661417322835,400.0,401.7434013,403.2259845,404.4614443,405.4595149,406.2279595,406.7726964,407.0978901,407.2060146
71,0.9543307086614173,400.0,404.1060827,407.589143,410.4845755,412.8192864,414.6143381,415.8855552,416.6439563,416.8960408
72,0.31677952755905514,400.0,396.650555,393.7794872,391.3746411,389.4239406,387.9173399,386.8469207,386.2069699,385.9940375
73,0.10331102362204725,400.0,394.3907847,389.5711488,385.5252628,382.2375232,379.6946914,377.8861627,376.8041917,376.4440624
74,0.6724488188976377,400.0,400.6726771,401.24455,401.7216235,402.1073587,402.4045398,402.6153038,402.7411619,402.7830149
75,0.5491850393700788,400.0,399.2409133,398.591084,398.0481872,397.6087272,397.269859,397.0293787,396.8857168,396.8379338
76,0.5124566929133858,400.0,398.8221876,397.8142385,396.9717958,396.2896327,395.7634805,395.390023,395.1668941,395.0926753
77,0.6283070866141732,400.0,400.1552147,400.2860552,400.395264,400.4836006,400.5516791,400.5999719,400.6288144,400.6384063
78,0.5086929133858268,400.0,398.77948,397.7349839,396.8619577,396.1550057,395.6097194,395.2226733,394.9914228,394.9145021
79,0.48011023622047244,400.0,398.4563687,397.1352479,396.0306497,395.1359454,394.4457044,393.9556982,393.6629041,393.5655076
80,0.8311535433070866,400.0,402.5778476,404.768402,406.5922603,408.0646928,409.197798,410.0007509,410.4799835,410.639307
81,0.33857086614173226,400.0,396.8875536,394.2202778,391.9866543,390.1751851,388.7763244,387.7825604,387.18848,386.9908171
82,0.2528307086614173,400.0,395.961906,392.4980537,389.5947168,387.2383685,385.4176891,384.1237133,383.3499489,383.092466
83,0.464003937007874,400.0,398.2752392,396.7989532,395.5643956,394.5642813,393.792633,393.2447908,392.9174204,392.8085195
84,0.2069448818897638,400.0,395.4739919,391.5895937,388.3322112,385.6874922,383.6433749,382.1902733,381.3212275,381.032017
85,0.1975511811023622,400.0,395.3747406,391.4047397,388.0752511,385.3717745,383.2821138,381.7965687,380.9080929,380.6124118
86,0.6485669291338583,400.0,400.392054,400.7248246,401.0025113,401.2270837,401.4001301,401.5228714,401.5961725,401.620549
87,0.4163976377952756,400.0,397.7438069,395.8118777,394.195424,392.8853781,391.8742664,391.156242,390.72711,390.5843468
88,0.723751968503937,400.0,401.2808308,402.3702832,403.2785717,404.0126066,404.5779195,404.9787396,405.2180495,405.2976232
89,0.9459881889763779,400.0,404.0011805,407.395691,410.2178188,412.4936088,414.243466,415.482731,416.22209,416.4678484
90,0.7931732283464566,400.0,402.1154559,403.9138954,405.4119908,406.6218738,407.5531918,408.2132816,408.6072978,408.7382987
91,0.5454527559055118,400.0,399.1981995,398.5118556,397.938428,397.4742384,397.1162918,396.8622674,396.7105126,396.6600374
92,0.6645984251968504,400.0,400.5802587,401.0734064,401.4848438,401.8175338,402.0738618,402.2556597,402.3642235,402.4003258
93,0.1276771653543307,400.0,394.6431547,390.0416071,386.1797329,383.04215,380.6158363,378.8903803,377.8581883,377.5146409
94,0.6137598425196851,400.0,399.9858453,399.9722063,399.9608203,399.9516092,399.9445097,399.9394731,399.936465,399.9354645
95,0.9536102362204725,400.0,404.0970151,407.5724223,410.4615199,412.7911393,414.5822858,415.8507421,416.607498,416.8590359
96,0.7829803149606299,400.0,401.99206,403.6857767,405.0968172,406.2365054,407.1138551,407.7357265,408.1069422,408.2303645
97,0.28979921259842517,400.0,396.3587707,393.2366495,390.620765,388.4983853,386.8588922,385.6938993,384.9973467,384.765571
98,0.8101614173228346,400.0,402.3217708,404.2952279,405.9387637,407.2658888,408.2873289,409.011231,409.4433133,409.5869663
99,0.4401299212598425,400.0,398.0079981,396.3026554,394.8761648,393.7203181,392.8283655,392.1950355,391.8165511,391.6906421
100,0.6616338582677166,400.0,400.5454025,401.0088537,401.3955287,401.7082044,401.9491172,402.1199845,402.222022,402.2559542
101,0.1012755905511811,400.0,394.3697666,389.5319625,385.4707431,382.1704888,379.6179441,377.8024897,376.7163683,376.3548564
102,0.21279133858267715,400.0,395.5358724,391.7048357,388.4923947,385.8842927,383.8685549,382.4356683,381.5787284,381.2935492
103,0.2824212598425197,400.0,396.2792962,393.0887659,390.4153553,388.2461646,386.570428,385.3796379,384.667644,384.4307274
104,0.18077559055118111,400.0,395.1980265,391.075567,387.6176237,384.8094505,382.6386244,381.0952529,380.1721426,379.8649271
105,0.8117401574803149,400.0,402.3409856,404.3307379,405.9878119,407.3258484,408.3556748,409.0855144,409.5211384,409.6659685
106,0.3394527559055118,400.0,396.89717,394.2381609,392.0114813,390.2056575,388.8111647,387.820508,387.2282869,387.0312428
107,0.2048976377952756,400.0,395.452343,391.5492746,388.2761666,385.618634,383.5645853,382.1044092,381.2311267,380.9405052
108,0.644740157480315,400.0,400.3472329,400.6417982,400.887615,401.0864206,401.2396162,401.3482796,401.4131741,401.4347552
109,0.167996062992126,400.0,395.0638633,390.8256167,387.2700885,384.3823595,382.1498467,380.5625199,379.6130807,379.2970964
110,0.15724015748031497,400.0,394.9512496,390.6157878,386.9783082,384.0237561,381.7394213,380.1151643,379.1436024,378.8202498
111,0.5501181102362205,400.0,399.2515976,398.6109013,398.0756403,397.6423652,397.3082682,397.071175,396.929537,396.8824272
112,0.8033464566929134,400.0,402.2389072,404.1420824,405.7272211,407.0072759,407.9925365,408.6908225,409.1076244,409.2461987
113,0.5880826771653543,400.0,399.6882916,399.4206768,399.1972007,399.0163678,398.8769655,398.7780573,398.7189775,398.6993284
114,0.4399055118110236,400.0,398.0054931,396.2980027,394.8697119,393.7124043,392.819323,392.1851907,391.8062267,391.680158
115,0.672492125984252,400.0,400.6731874,401.245495,401.7229308,402.1089588,402.4063654,402.6172892,402.7432428,402.7851276
116,0.6940314960629921,400.0,400.9276329,401.7165894,402.3745889,402.9065024,403.3162401,403.6067981,403.780293,403.8379852
117,0.25993700787401575,400.0,396.0379311,392.6395659,389.7913313,387.4798442,385.6939124,384.4246763,383.6657231,383.4131717
118,0.37758661417322836,400.0,397.3148774,395.0147696,393.089436,391.5285239,390.3234695,389.4675538,388.9559453,388.7857331
119,0.22841732283464566,400.0,395.7016714,392.0135725,388.9214893,386.4114341,384.471675,383.0929031,382.268368,381.9939796
120,0.5694566929133859,400.0,399.4735604,399.0225448,398.6458347,398.3409551,398.1058956,397.9391011,397.8394655,397.806327
121,0.17321259842519685,400.0,395.1185805,390.9275605,387.4118377,384.5565619,382.3492142,380.7798196,379.841122,379.5287151
122,0.9953307086614174,400.0,404.6246251,408.5450219,411.8022622,414.4276448,416.4455723,417.8743217,418.7265905,419.0098569
123,0.6331141732283465,400.0,400.2113087,400.3899862,400.5391144,400.6597358,400.7526919,400.8186307,400.8580113,400.8711078
124,0.9593543307086614,400.0,404.1693508,407.7058044,410.6454302,413.0156581,414.8379498,416.1284242,416.8983014,417.1541983
125,0.6639173228346457,400.0,400.5722485,401.0585718,401.464319,401.7924099,402.0451957,402.2244819,402.3315461,402.3671498
126,0.33614173228346456,400.0,396.8610756,394.1710372,391.9182929,390.091278,388.6803893,387.6780684,387.0788679,386.8795007
127,0.21079133858267718,400.0,395.5146945,391.6653962,388.4375758,385.8169434,383.7914944,382.3516905,381.4906082,381.2040496
128,0.26380708661417324,400.0,396.0793867,392.7167261,389.8985308,387.6114977,385.8445056,384.5887536,383.8378728,383.5880091
129,0.9210590551181103,400.0,403.6889309,406.8197158,409.4234268,411.5236002,413.1387209,414.2827119,414.9652857,415.1921781
130,0.5414094488188976,400.0,399.1519679,398.426098,397.8196189,397.3286558,396.9500528,396.6813637,396.5208459,396.4674558
131,0.7697952755905512,400.0,401.8328772,403.3914493,404.6901127,405.7391676,406.5468234,407.1193343,407.4611,407.5747332
132,0.4055905511811024,400.0,397.6239819,395.5892365,393.8865523,392.5064888,391.4412575,390.68476,390.2326183,390.0821976
133,0.43556299212598426,400.0,397.9570453,396.2080135,394.744903,393.5593358,392.6444194,391.994769,391.6065256,391.4773691
134,0.24616141732283464,400.0,395.8906693,392.3654445,389.4104602,387.0120587,385.1588037,383.8416329,383.0539816,382.7918748
135,0.7428503937007874,400.0,401.5090945,402.7926038,403.8624294,404.7268532,405.3924929,405.8644006,406.1461355,406.2398132
136,0.9153976377952756,400.0,403.6182727,406.6893487,409.2435891,411.303974,412.8885614,414.0109586,414.6806608,414.9032766
137,0.7941811023622047,400.0,402.1276732,403.9364795,405.4431913,406.6600214,407.59668,408.2605516,408.656824,408.7885747
138,0.14224015748031496,400.0,394.7946639,390.3239888,386.5724974,383.5249607,381.1685036,379.4928432,378.490486,378.1568764
139,0.22619291338582678,400.0,395.678033,391.9695582,388.8603202,386.3362918,384.3857055,382.9992226,382.1700702,381.8941443
140,0.24448818897637795,400.0,395.8728142,392.3322052,389.3642734,386.9553288,385.0939064,383.7709199,382.9797867,382.7165204
141,0.6636299212598425,400.0,400.5688688,401.0523128,401.4556591,401.7818095,402.0331007,402.2113272,402.3177586,402.3531519
142,0.5374330708661418,400.0,399.1065441,398.3418343,397.7028743,397.1855982,396.7866929,396.5035899,396.3344588,396.2782034
143,0.2670275590551181,400.0,396.113912,392.7809847,389.987803,387.7211315,385.9699087,384.7253833,383.9812231,383.7335971
144,0.7541811023622047,400.0,401.6450013,403.0439957,404.2099175,405.1518854,405.8771778,406.3913464,406.6983001,406.8003613
145,0.6643700787401575,400.0,400.5775731,401.0684327,401.4779623,401.8091104,402.0642508,402.2452066,402.3532676,402.3892028
146,0.6584291338582677,400.0,400.5077498,400.9391188,401.2990402,401.5900912,401.8143474,401.9734036,402.0683888,402.0999761
147,0.4217952755905512,400.0,397.8037665,395.9232747,394.3499533,393.074925,392.0908769,391.3920903,390.9744632,390.8355286
148,0.9715157480314961,400.0,404.3228219,407.9887549,411.0355254,413.4918479,415.3801628,416.7173078,417.514996,417.7801317
149,0.2547637795275591,400.0,395.9825742,392.5365263,389.6481712,387.3040208,385.4927897,384.2055411,383.4358042,383.1796623
150,0.5880511811023622,400.0,399.6879277,399.4200022,399.1962665,399.0152236,398.8756593,398.7766361,398.7174877,398.6978157
151,0.26054330708661416,400.0,396.0444233,392.6516498,389.8081198,387.5004626,385.7174972,384.4503731,383.6926843,383.4405538
152,0.797744094488189,400.0,402.1708866,404.0163577,405.5535425,406.7949401,407.7504849,408.42773,408.8319803,408.9663828
153,0.5291850393700788,400.0,399.0124573,398.1672843,397.4610253,396.8892236,396.4482445,396.1352686,395.9482859,395.886092
154,0.15798031496062992,400.0,394.9589901,390.6302111,386.9983657,384.048408,381.7676364,380.1459188,379.1758781,378.8530323
155,0.7557598425196851,400.0,401.6639661,403.0790725,404.258399,405.2111824,405.9447941,406.4648562,406.7753265,406.8785567
156,0.2498228346456693,400.0,395.9297644,392.4382225,389.5115844,387.1362641,385.3008888,383.9964491,383.2164201,382.9568513
157,0.6343503937007874,400.0,400.2257443,400.4167315,400.5761313,400.7050592,400.8044158,400.8748944,400.9169861,400.9309842
158,0.5906929133858267,400.0,399.7184585,399.4766011,399.2746404,399.1112213,398.9852455,398.8958647,398.8424763,398.8247202
159,0.7651456692913385,400.0,401.7768595,403.2878597,404.5469567,405.5640955,406.3472057,406.9023306,407.2337228,407.3439077
160,0.5284409448818898,400.0,399.0039782,398.1515529,397.4392275,396.8625103,396.4177381,396.102069,395.9134767,395.8507474
161,0.6361181102362204,400.0,400.2463936,400.4549881,400.6290795,400.7698882,400.8783992,400.9553707,401.00134,401.0166275
162,0.7176771653543307,400.0,401.2084383,402.2363226,403.0933447,403.7859885,404.3194476,404.6976945,404.9235315,404.9986261
163,0.9873582677165355,400.0,404.523404,408.3584802,411.5451658,414.1138841,416.088374,417.4864261,418.3204055,418.5975966
164,0.22318503937007875,400.0,395.646088,391.9100756,388.7776521,386.2347373,384.2695164,382.8726105,382.0372169,381.7592127
165,0.4905,400.0,398.5735709,397.3528155,396.3322538,395.5056952,394.868073,394.4154449,394.1449946,394.0550322
166,0.8918031496062993,400.0,403.324805,406.1477668,408.4963596,410.3912976,411.8488957,412.8814698,413.4976253,413.7024494
167,0.4774566929133858,400.0,398.4264806,397.0797608,395.9537252,395.0416352,394.3379685,393.8384248,393.539929,393.4406354
168,0.3234448818897638,400.0,396.7229195,393.9140887,391.5615414,389.6533737,388.1796892,387.132691,386.506756,386.2984893
169,0.7432322834645669,400.0,401.5136693,402.8010665,403.8741278,404.7411628,405.4088115,405.8821426,406.1647268,406.2586869
170,0.7501496062992126,400.0,401.596604,402.9544781,404.0861865,405.000548,405.7046047,406.2037295,406.5017061,406.600783
171,0.5111023622047244,400.0,398.8068157,397.7857126,396.9322625,396.2411778,395.7081392,395.3297913,395.1037395,395.0285483
172,0.22043700787401574,400.0,395.616922,391.8557659,388.7021711,386.14201,384.1634247,382.7570004,381.915907,381.6360047
173,0.8843976377952756,400.0,403.2330295,405.9783585,408.26258,410.1057145,411.5235418,412.5279805,413.1273618,413.3266122
174,0.11203149606299212,400.0,394.4809443,389.7392342,385.7591075,382.5250354,380.0238525,378.24502,377.1808445,376.8266432
175,0.34201181102362205,400.0,396.925086,394.2900735,392.0835501,390.2941127,388.9122977,387.93066,387.3438354,387.1485876
176,0.8438464566929134,400.0,402.7332963,405.055565,406.9887793,408.5493043,409.7500899,410.6009472,411.1087497,411.2775679
177,0.9439055118110237,400.0,403.9750241,407.3474515,410.1512956,412.412388,414.1509709,415.3822645,416.1168728,416.3610528
178,0.8002755905511811,400.0,402.2016115,404.0731488,405.6319963,406.8908574,407.8598267,408.5465775,408.9564983,409.0927855
179,0.6176574803149606,400.0,400.031168,400.0561974,400.0770913,400.0939937,400.1070208,400.1162624,400.121782,400.1236177
180,0.18349606299212598,400.0,395.2266377,391.1288662,387.6917268,384.9005117,382.7428335,381.2088298,380.2913305,379.9859837
181,0.3169763779527559,400.0,396.6526906,393.7834596,391.3801571,389.4307121,387.925083,386.8553552,386.2158182,386.0030235
182,0.5044645669291339,400.0,398.7315454,397.6460251,396.7386654,396.003883,395.4371136,395.0348103,394.7944406,394.714486
183,0.19303543307086615,400.0,395.3271046,391.316012,387.9519055,385.2202166,383.1086861,381.6075608,380.7097538,380.4109652
184,0.4669094488188976,400.0,398.3078641,396.8595314,395.6483897,394.6672703,393.9102929,393.3728744,393.0517359,392.9449086
185,0.22301574803149607,400.0,395.6442907,391.906729,388.7730008,386.2290234,384.262979,382.8654866,382.0297418,381.7516206
186,0.9275787401574803,400.0,403.7704171,406.9700468,409.6307885,411.7768255,413.4271383,414.5960164,415.2934243,415.5252453
187,0.36741338582677163,400.0,397.2030819,394.8069518,392.8010185,391.1746167,389.918916,389.0269822,388.4938269,388.3164432
188,0.205003937007874,400.0,395.4534669,391.5513676,388.279076,385.6222086,383.5686755,382.1088667,381.2358041,380.9452559
189,0.3986692913385827,400.0,397.5473991,395.4469262,393.6891067,392.2642674,391.1644227,390.3833167,389.9164565,389.7611374
190,0.8500944881889764,400.0,402.8099851,405.1972133,407.1843473,408.7882997,410.0224455,410.896913,411.4187955,411.5922929
191,0.6971102362204724,400.0,400.9641069,401.7841076,402.467973,403.0207797,403.4466023,403.7485618,403.9288629,403.988818
192,0.595751968503937,400.0,399.7769789,399.5850827,399.4248511,399.2952037,399.1952653,399.12436,399.0820081,399.0679226
193,0.7824409448818898,400.0,401.9855385,403.6737198,405.080158,406.2161349,407.0906309,407.7104814,408.0804915,408.203513
194,0.31298031496062995,400.0,396.6093575,393.7028532,391.268226,389.2933034,387.7679559,386.684197,386.036263,385.820673
195,0.21590551181102363,400.0,395.5688677,391.7662809,388.5777985,385.9892159,383.9886053,382.5664934,381.716006,381.4329755
196,0.4758425196850394,400.0,398.4083085,397.0460233,395.9069522,394.9842901,394.2724591,393.7671153,393.4651521,393.3647049
197,0.19074409448818896,400.0,395.3029525,391.2710242,387.8893634,385.1433675,383.0207461,381.5117192,380.6091798,380.3088151
198,0.5165196850393701,400.0,398.8683324,397.8998672,397.0904628,396.4350766,395.9295917,395.570811,395.3564539,395.2851533
199,0.5191614173228346,400.0,398.8983588,397.9555835,397.1676735,396.529707,396.0376666,395.6884332,395.479782,395.4103797
200,0.7518543307086614,400.0,401.6170633,402.9923211,404.1384937,405.0645265,405.7775612,406.2830463,406.5848183,406.685157
201,0.5621692913385826,400.0,399.3898003,398.8672189,398.4306964,398.0773858,397.8049724,397.611665,397.4961889,397.4577815
202,0.882755905511811,400.0,403.2127052,405.9408394,408.2108017,410.04246,411.4514761,412.4496811,413.0453458,413.2433612
203,0.23528346456692914,400.0,395.7747132,392.1495682,389.110482,386.6435917,384.7372771,383.3823229,382.5720493,382.3024097
204,0.11009448818897638,400.0,394.4609023,389.701871,385.7071284,382.4611286,379.9506895,378.1652574,377.0971272,376.7416086
205,0.8418267716535434,400.0,402.7085305,405.0098185,406.9256158,408.4721119,409.6621201,410.5053495,411.0086029,411.1759094
206,0.7275511811023622,400.0,401.3261577,402.4541537,403.3945327,404.1544741,404.7397228,405.1546697,405.4024108,405.4847875
207,0.45698818897637794,400.0,398.1965525,396.6528382,395.361791,394.3158487,393.508802,392.9358079,392.5933999,392.4794953
208,0.21418503937007874,400.0,395.5506361,391.7323294,388.530609,385.9312413,383.9222725,382.4942074,381.6401548,381.3559371
209,0.11563385826771654,400.0,394.5182412,389.8087627,385.8558324,382.6439535,380.1599924,378.3934385,377.3366207,376.9848704
210,0.6234133858267716,400.0,400.0981746,400.1803643,400.2489697,400.3044656,400.3472362,400.3775772,400.3956983,400.4017248
211,0.7448070866141733,400.0,401.5325385,402.8359719,403.9223784,404.8001833,405.4761175,405.9553186,406.2414059,406.3365305
212,0.7589015748031496,400.0,401.7017275,403.1489123,404.3549257,405.3292402,406.0794132,406.6112071,406.9286778,407.0342351
213,0.5873503937007875,400.0,399.6798318,399.4049934,399.1754831,398.9897662,398.8465982,398.7450177,398.6843416,398.6641615
214,0.9869212598425197,400.0,404.517861,408.3482644,411.5310853,414.0966996,416.0688098,417.4651802,418.2981575,418.5750158
215,0.19654330708661416,400.0,395.3641044,391.3849289,388.0477113,385.3379361,383.2433929,381.7543695,380.8638106,380.5674357
216,0.28668897637795276,400.0,396.325251,393.1742787,390.5341341,388.3920137,386.7372367,385.5613654,384.8583015,384.624358
217,0.7246496062992126,400.0,401.2915366,402.3900929,403.3059615,404.0461159,404.616138,405.0202952,405.2615967,405.3418326
218,0.680748031496063,400.0,400.7705635,401.4257993,401.9723618,402.4142474,402.7546681,402.9960878,403.1402481,403.1881867
219,0.3527677165354331,400.0,397.0425997,394.5085857,392.3868841,390.666397,389.3379231,388.3942291,387.830107,387.6424162
220,0.794515748031496,400.0,402.1317304,403.9439792,405.4535523,406.6726893,407.6111213,408.2762487,408.6732702,408.80527
221,0.8080275590551181,400.0,402.2958108,404.2472513,405.8724946,407.1848759,408.194984,408.9108628,409.3381592,409.4802215
222,0.747976377952756,400.0,401.5705338,402.9062554,404.0195308,404.9190181,405.6116325,406.102651,406.3957903,406.4932592
223,0.5384724409448819,400.0,399.1184132,398.3638526,397.7333803,397.2229804,396.8293807,396.5500445,396.3831644,396.3276579
224,0.8424212598425197,400.0,402.715819,405.0232817,406.944205,408.49483,409.6880102,410.5334847,411.038077,411.2058284
225,0.5466141732283465,400.0,399.2114872,398.536503,397.9725738,397.516078,397.1640671,396.9142567,396.7650198,396.7153822
226,0.537255905511811,400.0,399.1045213,398.3380817,397.6976751,397.179227,396.7794174,396.4956724,396.3261576,396.2697747
227,0.9877283464566929,400.0,404.5280984,408.3671323,411.5570908,414.1284379,416.1049431,417.5044195,418.3392474,418.6167205
228,0.9144606299212599,400.0,403.6065872,406.6677875,409.2138448,411.2676478,412.8471841,413.9660089,414.6335816,414.8554899
229,0.21227559055118111,400.0,395.5304103,391.6946636,388.4782561,385.8669225,383.8486801,382.4140095,381.5560013,381.2704663
230,0.9060984251968504,400.0,403.5024156,406.475563,408.948651,410.9437567,412.478244,413.5652066,414.2137859,414.4293835
231,0.6282874015748031,400.0,400.1549851,400.2856299,400.3946752,400.4828797,400.5508563,400.5990769,400.6278762,400.6374538
232,0.9568385826771654,400.0,404.1376578,407.6473663,410.564856,412.9172941,414.7259421,416.0067711,416.7709004,417.0248878
233,0.3914527559055118,400.0,397.4676797,395.2987749,393.4835427,392.0120723,390.8761764,390.0694379,389.587246,389.4268243
234,0.7998307086614174,400.0,402.1962106,404.0631661,405.618206,406.8739975,407.8406073,408.5256873,408.9346115,409.0705674
235,0.4491692913385827,400.0,398.1090088,396.4902614,395.1363433,394.0393891,393.1929359,392.59194,392.2327895,392.1133139
236,0.9234645669291338,400.0,403.7189816,406.8751572,409.4999028,411.6169927,413.2450941,414.3982651,415.0863107,415.3150211
237,0.8835551181102362,400.0,403.2225983,405.9591024,408.2360058,410.0732504,411.4865556,412.4877951,413.0852689,413.2838855
238,0.650748031496063,400.0,400.4176181,400.7721774,401.0680384,401.307304,401.4916695,401.6224379,401.7005322,401.7265027
239,0.7943346456692914,400.0,402.1295347,403.9399205,405.4479451,406.6658336,407.6033059,408.2677537,408.6643698,408.7962348
240,0.3759291338582677,400.0,397.2966451,394.980879,393.0424034,391.4708137,390.2575024,389.3957148,388.8805937,388.7092125
241,0.5914488188976378,400.0,399.727198,399.4928024,399.2970742,399.1386994,399.0166128,398.9299917,398.8782519,398.8610441
242,0.13711811023622048,400.0,394.7413179,390.2245677,386.4342183,383.3549852,380.9739398,379.2807531,378.2678954,377.9307882
243,0.28397637795275593,400.0,396.2960365,393.1199167,390.4586249,388.2992961,386.6311954,385.4458405,384.7371,384.5012666
244,0.9822874015748031,400.0,404.4591207,408.2399994,411.3818593,413.9145723,415.8614587,417.2400022,418.0623578,418.3356878
245,0.6516968503937007,400.0,400.428743,400.7927838,401.0965532,401.3422122,401.5315028,401.665764,401.7459438,401.7726078
246,0.776007874015748,400.0,401.9078206,403.5300261,404.8816072,405.9733437,406.8138218,407.4095799,407.7652159,407.8834596
247,0.6798897637795276,400.0,400.7604318,401.4070399,401.9464115,402.3824868,402.7184334,402.9566812,403.0989479,403.1462568
248,0.45003543307086613,400.0,398.1186987,396.5082571,395.1612992,394.0699926,393.2279024,392.6300069,392.2727101,392.1538514
249,0.13523228346456692,400.0,394.7216928,390.1879911,386.3833445,383.2924484,380.9023553,379.2027191,378.1859973,377.847603
250,0.848507874015748,400.0,402.7905002,405.1612251,407.1346611,408.7275817,409.9532532,410.8217233,411.3400294,411.5123382
251,0.396755905511811,400.0,397.5262494,395.4076226,393.6345733,392.1973649,391.0879577,390.3000529,389.8291262,389.6724538
252,0.4448740157480315,400.0,398.0609847,396.4010694,395.0126517,393.8877024,393.0196212,392.4032559,392.0349154,391.9123819
253,0.14448818897637794,400.0,394.8180968,390.3676592,386.6332342,383.5996178,381.2539586,379.5859946,378.5882484,378.2561746
254,0.6139566929133858,400.0,399.9881333,399.9764466,399.9666903,399.9587976,399.9527144,399.9483988,399.9458212,399.944964
255,0.8721692913385827,400.0,403.0818331,405.6992235,407.8773346,409.6350592,410.9873057,411.9453454,412.517062,412.7071197
256,0.9488543307086614,400.0,404.0371974,407.4621133,410.3094135,412.6054377,414.3708159,415.6210544,416.3669533,416.6148844
257,0.5621338582677166,400.0,399.3893934,398.8664642,398.4296512,398.0761052,397.8035103,397.610074,397.4945209,397.4560879
258,0.3110236220472441,400.0,396.5881539,393.6634097,391.2134525,389.226061,387.6910627,386.6004363,385.9483925,385.7314343
259,0.6283897637795276,400.0,400.1561789,400.2878418,400.3977368,400.4866285,400.5551347,400.603731,400.6327546,400.6424068
260,0.4005275590551181,400.0,397.5679485,395.4851134,393.7420901,392.3292675,391.2387124,390.4642111,390.0013013,389.8472969
261,0.16577952755905512,400.0,395.0406336,390.7823355,387.2099055,384.3083958,382.0651965,380.4702544,379.5162534,379.1987498
262,0.23746062992125985,400.0,395.7978979,392.1927335,389.1704662,386.7172734,384.8215712,383.4741743,382.6684257,382.4002929
263,0.4228267716535433,400.0,397.8152334,395.9445779,394.379504,393.1111712,392.1322975,391.4371889,391.0217614,390.8835588
264,0.36799212598425196,400.0,397.2094348,394.8187618,392.8174096,391.1947305,389.9419088,389.0520227,388.5200923,388.3431164
265,0.7583661417322834,400.0,401.69529,403.1370064,404.3384706,405.3091149,406.0564649,406.586259,406.9025365,407.0076971
266,0.432,400.0,397.9173308,396.1342424,394.6425833,393.4338446,392.5010235,391.8386478,391.4427949,391.3111062
267,0.692496062992126,400.0,400.9094524,401.6829336,402.3280387,402.8495361,403.2512546,403.5361282,403.7062298,403.7627937
268,0.964496062992126,400.0,404.2341835,407.8253414,410.8102394,413.2168477,415.0670398,416.3772371,417.1588674,417.4186688
269,0.5764370078740157,400.0,399.5539244,399.1715588,398.8522145,398.593779,398.3945373,398.2531636,398.1687151,398.1406281
270,0.7832362204724409,400.0,401.9951544,403.6914977,405.1047219,406.246171,407.1248746,407.747705,408.1194928,408.2431052
271,0.5928188976377953,400.0,399.7430423,399.522174,399.3377446,399.1885142,399.0734777,398.9918594,398.9431081,398.9268941
272,0.9821417322834646,400.0,404.4572751,408.2365978,411.3771705,413.9088497,415.8549434,417.2329267,418.0549485,418.3281676
273,0.5462992125984252,400.0,399.2078834,398.5298184,397.9633131,397.5047307,397.15111,396.9001568,396.750237,396.7003723
274,0.13374803149606299,400.0,394.7062528,390.1592139,386.3433181,383.2432453,380.846033,379.141322,378.1215597,377.7821526
275,0.5280905511811024,400.0,398.9999859,398.1441458,397.4289641,396.8499324,396.4033742,396.0864369,395.8970868,395.8341053
276,0.3087755905511811,400.0,396.563805,393.6181142,391.1505515,389.1488395,387.6027571,386.5042432,385.8474789,385.6289493
277,0.13722047244094487,400.0,394.7423834,390.2265535,386.4369803,383.3583803,380.9778262,379.2849896,378.2723417,377.9353043
278,0.18021259842519685,400.0,395.1921077,391.0645408,387.6022937,384.790612,382.6170657,381.071756,380.1474848,379.8398827
279,0.2202755905511811,400.0,395.6152094,391.8525768,388.6977388,386.1365649,384.1571947,382.7502114,381.9087833,381.6287696
280,0.6766811023622047,400.0,400.7225718,401.336939,401.8494364,402.2637968,402.5830219,402.8094148,402.9446039,402.9895595
281,0.5238582677165354,400.0,398.9517898,398.0547238,397.3050552,396.6980785,396.2299548,395.8977046,395.6992032,395.6331774
282,0.4691771653543307,400.0,398.3333428,396.9068389,395.7139816,394.7476938,394.0021714,393.4728914,393.1566185,393.0514101
283,0.5119251968503937,400.0,398.8161544,397.8030427,396.9562799,396.2706154,395.7417605,395.3663837,395.1421077,395.0675072
284,0.3720551181102362,400.0,397.2540581,394.9017151,392.9325382,391.3360035,390.1034014,389.227895,388.7045671,388.5304544
285,0.547255905511811,400.0,399.2188308,398.5501245,397.9914444,397.5392004,397.1904696,396.9429879,396.7951424,396.7459677
286,0.8650275590551181,400.0,402.9937299,405.5365454,407.6527899,409.3607075,410.6747052,411.6056808,412.1612598,412.345955
287,0.39280708661417324,400.0,397.4826305,395.3265607,393.5220973,392.0593739,390.9302407,390.1283106,389.6489949,389.4895305
288,0.567996062992126,400.0,399.4567608,398.9913926,398.6026878,398.2880965,398.0455468,397.8734362,397.7706244,397.7364294
289,0.5238385826771653,400.0,398.9515657,398.0543081,397.3044791,396.6973725,396.2291485,395.8968271,395.6982832,395.6322432
290,0.8140472440944881,400.0,402.369078,404.3826525,406.0595172,407.4135039,408.4555891,409.1941076,409.6349085,409.7814592
291,0.1976220472440945,400.0,395.3754885,391.4061328,388.0771877,385.374154,383.2848366,381.7995361,380.9112068,380.6155745
292,0.6445787401574803,400.0,400.3453432,400.6382976,400.8827706,401.0804896,401.2328482,401.3409179,401.4054579,401.4269211
293,0.602,400.0,399.8493481,399.7192261,399.6105833,399.5226829,399.454928,399.4068582,399.3781465,399.3685976
294,0.31222047244094486,400.0,396.6011224,393.6875341,391.2469531,389.267188,387.7380925,386.6516665,386.0021364,385.786015
295,0.9302795275590551,400.0,403.8042093,407.0323844,409.7167702,411.8818197,413.5467203,414.7259141,415.4294706,415.6633343
296,0.10995669291338582,400.0,394.4594769,389.6992136,385.7034315,382.4565834,379.9454859,378.1595844,377.0911729,376.7355606
297,0.7162874015748032,400.0,401.1918912,402.2057008,403.0510022,403.7341824,404.2603581,404.6334434,404.8561996,404.93027
298,0.3788740157480315,400.0,397.3290437,395.0411016,393.1259786,391.5733619,390.3747225,389.5233684,389.0144887,388.8451848
299,0.21081889763779527,400.0,395.5149863,391.6659396,388.438331,385.8178713,383.7925561,382.3528475,381.4918223,381.2052826
300,0.5910236220472441,400.0,399.7222818,399.4836889,399.2844547,399.1232425,398.9989681,398.9107947,398.8581275,398.8406112
301,0.4635511811023622,400.0,398.2701573,396.7895169,395.5513116,394.5482383,393.7743045,393.2248383,392.8964971,392.7872731
302,0.37991338582677164,400.0,397.3404837,395.062366,393.155488,391.60957,390.4161104,389.5684398,389.0617636,388.8931931
303,0.9981220472440945,400.0,404.6601098,408.6104113,411.8923775,414.5376159,416.5707632,418.010268,418.8689445,419.1543394
304,0.9968897637795275,400.0,404.6444416,408.5815391,411.8525882,414.4890599,416.5154874,417.9502436,418.806091,419.0905462
305,0.2804724409448819,400.0,396.2583263,393.0497437,390.3611514,388.1796057,386.4943026,385.296703,384.5806331,384.3423595
306,0.3177007874015748,400.0,396.6605503,393.7980796,391.4004581,389.4556335,387.9535804,386.886397,386.2483826,386.0360948
307,0.7777204724409449,400.0,401.9284991,403.5682601,404.9344391,406.0379488,406.88748,407.4896499,407.8491114,407.9686266
308,0.4194251968503937,400.0,397.7774293,395.8743445,394.2820787,392.9916704,391.9957361,391.2885004,390.8658206,390.7252045
309,0.8834094488188976,400.0,403.220795,405.9557734,408.2314116,410.067638,411.4801614,412.4808478,413.0779919,413.2764989
310,0.1967992125984252,400.0,395.3668047,391.3899586,388.0547033,385.3465272,383.2532236,381.7650834,380.8750533,380.5788546
311,0.6345196850393701,400.0,400.2277215,400.4203946,400.5812012,400.7112668,400.8115,400.8826003,400.9250634,400.9391849
312,0.6357204724409449,400.0,400.241748,400.4463812,400.6171674,400.7553033,400.8617549,400.9372657,400.9823626,400.9973601
313,0.46744094488188975,400.0,398.3138345,396.870617,395.66376,394.6861163,393.9318233,393.396312,393.0763138,392.9698658
314,0.6979606299212598,400.0,400.9741862,401.8027652,402.4937776,403.0523572,403.4826239,403.7877336,403.969915,404.0304953
315,0.5459566929133858,400.0,399.2039646,398.5225493,397.9532428,397.4923914,397.1370201,396.8848241,396.7341617,396.68405
316,0.24669291338582677,400.0,395.8963423,392.3760054,389.4251347,387.0300828,385.1794226,383.8640994,383.0775544,382.8158159
317,0.30278740157480316,400.0,396.4990072,393.4975675,390.9831439,388.9433122,387.3677234,386.2482116,385.5788804,385.3561671
318,0.181248031496063,400.0,395.2029939,391.0848207,387.6304895,384.8252607,382.6567175,381.1149725,380.1928365,379.8859455
319,0.4131732283464567,400.0,397.7080244,395.745395,394.1031955,392.772246,391.7449778,391.0154683,390.5794677,390.4344186
320,0.5659606299212598,400.0,399.4333596,398.9479976,398.5425832,398.2144622,397.9614774,397.7819603,397.6747234,397.6390566
321,0.4457283464566929,400.0,398.0705329,396.418803,395.0372451,393.9178624,393.054082,392.4407728,392.0742599,391.9523344
322,0.6644409448818898,400.0,400.5784065,401.0699763,401.4800979,401.8117245,402.0672335,402.2484506,402.3566676,402.3926547
323,0.10766929133858268,400.0,394.4358217,389.6551134,385.6420787,382.3811507,379.8591266,378.0654344,376.9923544,376.6351869
324,0.40598818897637795,400.0,397.6283855,395.597419,393.8979045,392.5204151,391.4571735,390.7020905,390.2507949,390.1006557
325,0.859240157480315,400.0,402.9224422,405.4049035,407.4710702,409.1386668,410.4216973,411.3307597,411.873272,412.053625
326,0.3478503937007874,400.0,396.9888391,394.4086235,392.2481226,390.4960978,389.1432267,388.1821786,387.6076733,387.4165263
327,0.4837204724409449,400.0,398.4970621,397.210792,396.1353767,395.2643385,394.5923722,394.115348,393.8303143,393.7354999
328,0.31363779527559055,400.0,396.6164845,393.7161107,391.2866358,389.3159039,387.7937999,386.7123489,386.0657962,385.850666
329,0.841744094488189,400.0,402.707517,405.0079462,406.9230307,408.4689526,409.6585197,410.5014369,411.0045042,411.1717487
330,0.9211102362204724,400.0,403.6895701,406.8208951,409.4250536,411.5255868,413.1409836,414.28517,414.9678602,415.1947913
331,0.3990669291338583,400.0,397.5517955,395.4550963,393.7004425,392.2781743,391.1803172,390.4006243,389.9346093,389.7795715
332,0.7828740157480315,400.0,401.9907747,403.6834004,405.0935339,406.2324906,407.1092778,407.730751,408.1017291,408.2250724
333,0.7610551181102362,400.0,401.7276276,403.1968128,404.4211277,405.4102072,406.1717366,406.711575,407.0338459,407.1409988
334,0.8151062992125985,400.0,402.3819787,404.4064923,406.0924446,407.4537551,408.5014689,409.2439724,409.6871501,409.8344908
335,0.7541732283464567,400.0,401.6449067,403.0438208,404.2096757,405.1515897,405.8768406,406.3909799,406.697916,406.7999713
336,0.48322834645669294,400.0,398.491513,397.2004907,396.1210963,395.2468313,394.5723732,394.093579,393.8074873,393.7123208
337,0.38076771653543307,400.0,397.3498892,395.0798483,393.1797487,391.6393376,390.4501363,389.6054939,389.1006291,388.9326614
338,0.22659448818897637,400.0,395.6822995,391.9775025,388.871361,386.3498548,384.4012229,383.0161318,382.1878129,381.9121645
339,0.7448346456692914,400.0,401.5328688,402.8365828,403.9232229,404.8012163,405.4772955,405.9565994,406.242748,406.337893
340,0.38425984251968504,400.0,397.3883539,395.1513422,393.2789609,391.7610678,390.5892784,389.7570175,389.2595591,389.0940565
341,0.927,400.0,403.7631787,406.9566935,409.6123701,411.754334,413.4015215,414.5681896,415.2642803,415.4956636
342,0.9520433070866142,400.0,404.0772996,407.5360661,410.4113889,412.729937,414.5125917,415.7750446,416.5282227,416.778572
343,0.7788700787401575,400.0,401.9423845,403.5939333,404.9699138,406.0813282,406.9369377,407.5434124,407.9054423,408.0258113
344,0.30394488188976376,400.0,396.5115253,393.520856,391.0154863,388.98302,387.4131325,386.297678,385.6307751,385.4088702
345,0.23167716535433072,400.0,395.7363351,392.0781137,389.0111835,386.5216154,384.5977303,383.2302634,382.4124975,382.1403631
346,0.25949606299212596,400.0,396.0332102,392.6307787,389.7791229,387.4648505,385.6767615,384.4059896,383.6461169,383.3932594
347,0.13432677165354331,400.0,394.7122725,390.1704336,386.3589237,383.2624288,380.8679922,379.1652599,378.146683,377.8076708
348,0.450240157480315,400.0,398.1209893,396.5125112,395.1671985,394.0772269,393.236168,392.6390054,392.2821469,392.163434
349,0.45479527559055116,400.0,398.1719837,396.6072132,395.298524,394.238268,393.4201645,392.8393139,392.4922084,392.3767408
350,0.907996062992126,400.0,403.5260374,406.5191537,409.0087914,411.0172106,412.5619162,413.6561062,414.308994,414.5260232
351,0.7756771653543307,400.0,401.9038285,403.5226446,404.8714073,405.9608708,406.7996009,407.394121,407.7490184,407.8670166
352,0.24540944881889765,400.0,395.8826441,392.3505049,389.3897013,386.9865612,385.1296354,383.8098508,383.0206346,382.7580067
353,0.7335787401574804,400.0,401.3981528,402.5873601,403.5786962,404.3797711,404.9966709,405.4340452,405.6951712,405.7819977
354,0.6493937007874016,400.0,400.4017428,400.7427715,401.0273466,401.257488,401.4348246,401.5606084,401.6357262,401.6607069
355,0.2145984251968504,400.0,395.555016,391.7404859,388.5419458,385.9451693,383.9382085,382.5115737,381.6583776,381.3744452
356,0.5919370078740157,400.0,399.7328431,399.5032671,399.3115646,399.1564479,399.0368733,398.9520347,398.9013597,398.884506
357,0.39353149606299215,400.0,397.4906294,395.3414262,393.542724,392.08468,390.9591647,390.159807,389.6820299,389.5230775
358,0.45729527559055116,400.0,398.199994,396.6592291,395.370653,394.3267155,393.5212174,392.9493238,392.6075737,392.493888
359,0.6323622047244094,400.0,400.2025298,400.3737211,400.5166025,400.632172,400.7212353,400.784413,400.8221447,400.8346928
360,0.8265826771653544,400.0,402.5219817,404.6651867,406.4497244,407.8904766,408.9992393,409.7849608,410.2539162,410.4098241
361,0.9798464566929134,400.0,404.4282041,408.1830135,411.3033098,413.8187011,415.752307,417.1214643,417.9382271,418.2096993
362,0.356744094488189,400.0,397.0861177,394.5894988,392.499198,390.8042328,389.4955009,388.5658493,388.0101288,387.8252344
363,0.8402322834645669,400.0,402.6889869,404.9737171,406.8757685,408.4111923,409.5926942,410.429903,410.9295659,411.0956791
364,0.7369960629921259,400.0,401.4390154,402.6629597,403.6832102,404.5076232,405.1424799,405.5925774,405.8612966,405.9506474
365,0.9027677165354331,400.0,403.4609803,406.3990969,408.8431505,410.8148979,412.3314567,413.4057381,414.0467577,414.2598435
366,0.47003543307086615,400.0,398.3429893,396.9247496,395.7388145,394.7781415,394.0369554,393.5107563,393.1963253,393.0917298
367,0.8982637795275591,400.0,403.405001,406.2957846,408.7006034,410.6407838,412.1331122,413.1902542,413.8210562,414.0307471
368,0.8031614173228346,400.0,402.2366591,404.1379274,405.7214815,407.0002589,407.9845376,408.6821284,409.0985157,409.2369521
369,0.913244094488189,400.0,403.5914196,406.6398007,409.1752359,411.2204949,412.7934741,413.9076614,414.5724697,414.7934596
370,0.14896062992125983,400.0,394.8647525,390.4546053,386.7541551,383.7482488,381.4240835,379.7714391,378.782871,378.4538542
371,0.4714566929133858,400.0,398.3589677,396.9544165,395.7799466,394.8285732,394.0945693,393.5734729,393.2620924,393.1585119
372,0.373748031496063,400.0,397.2726636,394.9363008,392.9805374,391.3949015,390.1707279,389.3012156,388.7814735,388.6085542
373,0.11350393700787402,400.0,394.4961855,389.7676468,385.7986343,382.5736319,380.079487,378.3056725,377.2445039,376.8913044
374,0.526740157480315,400.0,398.9846028,398.1156049,397.3894166,396.8014664,396.3480258,396.0262016,395.833931,395.7699781
375,0.6532165354330709,400.0,400.4465664,400.8257973,401.142236,401.3981371,401.5953175,401.7351737,401.8186944,401.8464694
376,0.6071771653543308,400.0,399.9093936,399.8305178,399.7646661,399.7113895,399.6703246,399.6411913,399.6237905,399.6180034
377,0.39711417322834647,400.0,397.5302088,395.4149807,393.6447826,392.2098899,391.1022731,390.3156411,389.8454758,389.6890567
378,0.9291614173228346,400.0,403.7902169,407.0065725,409.6811684,411.8383459,413.4972066,414.6721293,415.3731401,415.606158
379,0.9091574803149606,400.0,403.5404999,406.5458416,409.0456109,411.0621804,412.6131413,413.7117556,414.3672808,414.5851863
380,0.48126377952755905,400.0,398.4693674,397.1593792,396.0641035,395.1769595,394.4925565,394.0066976,393.7163827,393.6198111
381,0.7733779527559055,400.0,401.8760822,403.4713406,404.8005134,405.8741769,406.700757,407.2866717,407.6364348,407.7527264
382,0.9095590551181102,400.0,403.5455014,406.5550709,409.0583437,411.0777316,412.6308556,413.7309999,414.3874371,414.6056456
383,0.6288622047244095,400.0,400.1616892,400.2980515,400.4118683,400.5039319,400.5748823,400.6252123,400.6552713,400.6652679
384,0.11338976377952756,400.0,394.4950035,389.7654434,385.795569,382.5698632,380.0751725,378.3009689,377.2395671,376.8862899
385,0.8553031496062992,400.0,402.8740024,405.3154465,407.3475758,408.9877638,410.2497428,411.1439078,411.6775365,411.8549374
386,0.9984212598425197,400.0,404.6639149,408.617423,411.9020403,414.5494077,416.5841868,418.0248446,418.8842082,419.1698313
387,0.6569724409448819,400.0,400.4906442,400.9074373,401.2552032,401.5364283,401.7531159,401.9068052,401.9985858,402.0291074
388,0.4243503937007874,400.0,397.8321761,395.9760537,394.423165,393.1647241,392.1934951,391.5038203,391.0916423,390.9545211
389,0.3584133858267717,400.0,397.1043986,394.6234873,392.5463755,390.8621295,389.561689,388.6379348,388.0857426,387.9020226
390,0.9369370078740158,400.0,403.887599,407.1862048,409.928921,412.1408706,413.8417539,415.0463915,415.765113,416.004015
391,0.5248346456692914,400.0,398.9629043,398.0753459,397.3336309,396.7330994,396.2699496,395.9412312,395.7448405,395.6795169
392,0.9704645669291339,400.0,404.3095392,407.9642681,411.0017686,413.4506431,415.3332468,416.666355,417.4616376,417.7259742
393,0.1293228346456693,400.0,394.6602504,390.0734721,386.2240564,383.0966377,380.6782099,378.9583755,377.9295518,377.5871265
394,0.8489291338582677,400.0,402.7956729,405.170779,407.1478517,408.743701,409.9716223,410.8416847,411.3609402,411.5335646
395,0.3263464566929134,400.0,396.7544562,393.9727453,391.642985,389.7533477,388.2940028,387.2572074,386.6373778,386.4311435
396,0.11780314960629922,400.0,394.5407157,389.8506583,385.9141141,382.7156064,380.2420207,378.4828641,377.4304788,377.0802051
397,0.8244527559055118,400.0,402.4959699,404.617126,406.3833519,407.8093496,408.9067746,409.6844702,410.1486387,410.3029557
398,0.593740157480315,400.0,399.7536991,399.5419289,399.3650985,399.2220179,399.111723,399.0334692,398.9867275,398.971182
399,0.19468503937007875,400.0,395.3445003,391.3484141,387.9969501,385.2755647,383.1720214,381.6765864,380.7821874,380.4845337
400,0.4068976377952756,400.0,397.6384585,395.6161362,393.9238722,392.5522705,391.4935801,390.7417326,390.2923721,390.142877
401,0.3228346456692913,400.0,396.7162896,393.9017573,391.5444192,389.6323555,388.1556559,387.1065125,386.4792938,386.2705998
402,0.2630748031496063,400.0,396.0715398,392.7021211,389.8782402,387.5865788,385.8160021,384.5576981,383.8052894,383.5549171
403,0.4608267716535433,400.0,398.2395891,396.7327553,395.4726068,394.4517322,393.6640486,393.104813,392.7706309,392.6594634
404,0.25065748031496066,400.0,395.9386811,392.4548209,389.5346473,387.1645905,385.3332924,384.0317559,383.253465,382.9944749
405,0.657988188976378,400.0,400.5025713,400.9295276,401.2857692,401.5738456,401.7958106,401.9532422,402.0472573,402.0785219
406,0.8707795275590551,400.0,403.0646769,405.6675468,407.8336128,409.5816406,410.926441,411.8792121,412.4477873,412.636801
407,0.516775590551181,400.0,398.8712402,397.905263,397.0979403,396.4442413,395.9400585,395.5822025,395.3683981,395.2972814
408,0.8272834645669291,400.0,402.530543,404.6810046,406.4715687,407.9171765,409.0296703,409.8180329,410.2885637,410.4449951
409,0.28521259842519686,400.0,396.3093483,393.1446873,390.4930316,388.3415442,386.6795149,385.4984815,384.7923278,384.5573555
410,0.6129724409448819,400.0,399.9766941,399.9552471,399.9373427,399.9228581,399.911694,399.9037739,399.8990435,399.8974703
411,0.8777047244094488,400.0,403.1502219,405.8254876,408.0516038,409.8479709,411.22989,412.2089241,412.7931585,412.9873758
412,0.6523228346456693,400.0,400.436084,400.8063813,401.115369,401.3652466,401.5577869,401.6943526,401.7759085,401.8030301
413,0.556251968503937,400.0,399.3218921,398.741278,398.2562464,397.8636523,397.5609375,397.3461214,397.2177942,397.1751121
414,0.510492125984252,400.0,398.799891,397.7728621,396.9144532,396.2193493,395.6832083,395.3026571,395.0752885,394.9996592
415,0.9345629921259843,400.0,403.8578479,407.1313277,409.8532359,412.0484557,413.7365039,414.9320659,415.6453782,415.8824832
416,0.43563779527559054,400.0,397.9578794,396.2095629,394.7470519,393.5619714,392.647431,391.9980478,391.6099642,391.4808609
417,0.9634763779527559,400.0,404.22132,407.8016247,410.7775413,413.1769325,415.0215899,416.3278749,417.1071737,417.3662006
418,0.752007874015748,400.0,401.6189065,402.9957303,404.1432059,405.07029,405.7841335,406.2901916,406.5923055,406.6927578
419,0.519751968503937,400.0,398.9050737,397.9680431,397.1849395,396.5508682,396.061834,395.7147353,395.50736,395.4383821
420,0.21726377952755904,400.0,395.5832662,391.7930937,388.6150654,386.0349996,384.0409892,382.6235784,381.7759061,381.493813
421,0.725767716535433,400.0,401.3048749,402.4147736,403.3400857,404.0878639,404.6637527,405.0720672,405.3158499,405.3969107
422,0.9127755905511811,400.0,403.5855795,406.6290247,409.1603697,411.2023387,412.772793,413.8851945,414.5489384,414.7695745
423,0.11153937007874015,400.0,394.4758515,389.72974,385.7458995,382.5087966,380.0052617,378.2247522,377.1595719,376.8050359
424,0.1922755905511811,400.0,395.319094,391.3010909,387.9311623,385.1947283,383.0795195,381.5757736,380.6763971,380.3770857
425,0.2917992125984252,400.0,396.3803378,393.2767788,390.6765019,388.5668217,386.9371605,385.7791655,385.0868014,384.8564201
426,0.3723582677165354,400.0,397.2573892,394.9079074,392.9411321,391.3465489,390.1154559,389.2410228,388.7183369,388.5444379
427,0.1181771653543307,400.0,394.5445917,389.8578837,385.9241654,382.7279635,380.2561671,378.4982861,377.4466652,377.0966461
428,0.6532204724409448,400.0,400.4466126,400.8258828,401.1423544,401.398282,401.5954828,401.7353535,401.8188829,401.8466607
429,0.35751574803149605,400.0,397.0945674,394.6052089,392.5210044,390.8309939,389.5260946,388.599169,388.0450794,387.8607278
430,0.5691377952755905,400.0,399.4698921,399.0157425,398.6364133,398.3294133,398.0927183,397.924763,397.8244339,397.7910647
431,0.8051653543307087,400.0,402.2610104,404.1829342,405.7836521,407.0762649,408.0711783,408.7762989,409.1971778,409.3371072
432,0.874744094488189,400.0,403.1136331,405.7579361,407.958371,409.734066,411.1001118,412.0679151,412.6454533,412.8374454
433,0.3280708661417323,400.0,396.7732085,394.0076227,391.6914105,389.8127901,388.3619704,387.3312405,386.7150405,386.5100145
434,0.15874409448818896,400.0,394.966979,390.6450972,387.0190665,384.0738505,381.7967563,380.1776595,379.2091888,378.8868659
435,0.17324015748031496,400.0,395.1188697,390.9280994,387.412587,384.5574827,382.350268,380.7809682,379.8423273,379.5299394
436,0.6246141732283464,400.0,400.1121647,400.2062876,400.2848527,400.3484045,400.3973833,400.4321281,400.4528793,400.4597805
437,0.9453385826771653,400.0,403.9930207,407.3806423,410.1970665,412.4682717,414.214612,415.4513904,416.1892675,416.4345335
438,0.8103031496062992,400.0,402.3234955,404.2984153,405.9431664,407.2712709,408.2934639,409.017899,409.4502992,409.5940578
439,0.9120236220472441,400.0,403.5762073,406.6117309,409.1365117,411.1732007,412.7396028,413.8491384,414.5111738,414.7312423
440,0.12612992125984251,400.0,394.6270873,390.0116584,386.1380743,382.9909377,380.5572117,378.8264715,377.7911134,377.4465114
441,0.265248031496063,400.0,396.0948313,392.7454719,389.9384667,387.6605426,385.9006053,384.6498757,383.9020015,383.6531389
442,0.3581771653543307,400.0,397.1018112,394.6186768,392.5396984,390.8539354,389.5523214,388.6277327,388.0750411,387.8911549
443,0.4418307086614173,400.0,398.0269874,396.3379256,394.9250806,393.780308,392.8969115,392.2696621,391.8948137,391.7701145
444,0.1958503937007874,400.0,395.3567934,391.3713115,388.0287811,385.3146762,383.2167767,381.7253624,380.8333714,380.5365197
445,0.7040314960629921,400.0,401.0461992,401.9360608,402.6781266,403.2779407,403.7399496,404.0675581,404.2631696,404.3282152
446,0.4368307086614173,400.0,397.9711837,396.2342752,394.7813268,393.6040074,392.6954639,392.0503427,391.6648077,391.5365525
447,0.9505314960629921,400.0,404.0582844,407.5010005,410.3630366,412.6709054,414.4453688,415.7020305,416.4517574,416.7009601
448,0.35808661417322835,400.0,397.1008194,394.6168329,392.537139,390.8507944,389.5487307,388.6238219,388.070939,387.886989
449,0.8393740157480315,400.0,402.6784701,404.9542899,406.8489439,408.3784089,409.5553329,410.3893016,410.8870321,411.0525031
450,0.2515944881889764,400.0,395.9486933,392.4734586,389.5605435,387.1963966,385.3696764,384.0713994,383.29506,383.0367197
451,0.4640433070866142,400.0,398.2756811,396.7997737,395.5655333,394.5656764,393.7942269,393.2465258,392.9192399,392.8103671
452,0.373251968503937,400.0,397.267211,394.926165,392.9664707,391.377641,390.1509974,389.2797285,388.7589356,388.5856666
453,0.10421653543307087,400.0,394.4001383,389.5885875,385.5495246,382.267354,379.7288442,377.9233972,376.8432731,376.483759
454,0.6693503937007874,400.0,400.6361808,401.1769671,401.6281241,401.9929152,402.2739666,402.4732944,402.5923247,402.6319073
455,0.6776023622047244,400.0,400.7334391,401.3570611,401.8772729,402.2978669,402.6218922,402.8516883,402.9889092,403.0345404
456,0.4624330708661417,400.0,398.2576096,396.7662176,395.5190054,394.5086253,393.7290479,393.1755718,392.8448332,392.7348116
457,0.6894921259842519,400.0,400.8739026,401.617122,402.2370104,402.738137,403.1241719,403.3979279,403.5613926,403.6157498
458,0.2989763779527559,400.0,396.4578151,393.4209312,390.8767114,388.8126395,387.2182864,386.0854205,385.4080968,385.1827228
459,0.15581102362204724,400.0,394.9363075,390.5879451,386.9395891,383.9761675,381.6849538,380.0557943,379.0812955,378.7569648
460,0.8179291338582677,400.0,402.4163802,404.4700628,406.1802456,407.561083,408.6238037,409.3769314,409.8264462,409.9758931
461,0.15684251968503937,400.0,394.9470917,390.6080401,386.967534,384.0105138,381.7242649,380.0986437,379.1262646,378.8026399
462,0.6649803149606299,400.0,400.5847506,401.081725,401.4963532,401.8316221,402.0899364,402.2731426,402.3825473,402.4189293
463,0.8669370078740157,400.0,403.0172712,405.5800149,407.7127928,409.4340216,410.7582419,411.696451,412.2563433,412.4424717
464,0.568771653543307,400.0,399.4656807,399.0079331,398.625597,398.3161624,398.0775898,397.9083018,397.8071765,397.7735425
465,0.2897322834645669,400.0,396.3580491,393.2353069,390.6189002,388.4960956,386.8562735,385.6910465,384.9943537,384.7625313
466,0.6246889763779527,400.0,400.1130364,400.2079027,400.2870883,400.351142,400.4005076,400.4355267,400.4564418,400.4633975
467,0.3008779527559055,400.0,396.4783641,393.4591621,390.929807,388.8778283,387.2928366,386.166633,385.4932968,385.2692502
468,0.666984251968504,400.0,400.6083278,401.1253878,401.556763,401.905567,402.1743058,402.3649035,402.4787214,402.5165708
469,0.9479370078740158,400.0,404.0256674,407.44085,410.2800923,412.5696395,414.3300494,415.5767753,416.3205809,416.5678165
470,0.35826771653543305,400.0,397.102803,394.6205208,392.5422579,390.8570764,389.5559123,388.6316434,388.0791433,387.8953208
471,0.874976377952756,400.0,403.1165028,405.7632345,407.9656837,409.7430003,411.1102912,412.0789755,412.657039,412.8492057
472,0.9991811023622047,400.0,404.673579,408.635231,411.9265815,414.5793556,416.618279,418.0618653,418.9229736,419.2091763
473,0.5613346456692914,400.0,399.3802161,398.8494448,398.406077,398.0472231,397.770534,397.5741917,397.4569023,397.4178918
474,0.5831496062992126,400.0,399.6313296,399.3150734,399.0509631,398.8372401,398.6724774,398.5555726,398.485742,398.4625171
475,0.5663779527559055,400.0,399.4381566,398.9568932,398.5549043,398.2295569,397.9787114,397.8007126,397.6943829,397.6590178
476,0.8051692913385827,400.0,402.2610582,404.1830227,405.7837743,407.0764143,408.0713485,408.7764839,409.1973717,409.337304
477,0.4362244094488189,400.0,397.9644213,396.2217143,394.7639055,393.5826413,392.6710497,392.0237623,391.6369319,391.5082456
478,0.31393700787401574,400.0,396.6197282,393.7221447,391.2950147,389.3261901,387.8055623,386.7251618,386.0792377,385.8643168
479,0.8755748031496063,400.0,403.1238968,405.7768856,407.984525,409.7660193,411.1365183,412.1074723,412.6868891,412.8795055
480,0.38843700787401575,400.0,397.434405,395.236933,393.3977308,391.9067901,390.7558405,389.9383981,389.4498036,389.2872511
481,0.17115748031496064,400.0,395.0970162,390.8873846,387.3559753,384.4879107,382.2706464,380.6941856,379.7512552,379.4374386
482,0.5491220472440945,400.0,399.2401921,398.5897463,398.046334,397.6064565,397.2672662,397.0265573,396.8827588,396.8349303
483,0.3324488188976378,400.0,396.8208507,394.0962292,391.8144327,389.9637964,388.5346307,387.5193068,386.9123257,386.7103684
484,0.7897992125984252,400.0,402.0745773,403.8383281,405.3075895,406.4942245,407.4076693,408.0551025,408.4415682,408.5700594
485,0.21086614173228346,400.0,395.5154864,391.666871,388.4396257,385.8194619,383.7943761,382.3548308,381.4939035,381.2073964
486,0.3594606299212598,400.0,397.1158708,394.6448167,392.5759811,390.8984614,389.6032237,388.6831701,388.1331918,387.9502087
487,0.6724488188976377,400.0,400.6726771,401.24455,401.7216235,402.1073587,402.4045398,402.6153038,402.7411619,402.7830149
488,0.8515236220472441,400.0,402.8275422,405.2296403,407.2291158,408.8430075,410.084788,410.9646587,411.4897634,411.6643315
489,0.4911181102362205,400.0,398.5805525,397.3657747,396.3502176,395.5277168,394.8932276,394.442825,394.1737049,394.0841851
490,0.16876771653543307,400.0,395.0719532,390.8406894,387.2910469,384.4081167,382.1793251,380.59465,379.6467993,379.331344
491,0.13311417322834646,400.0,394.6996606,390.1469273,386.3262284,383.2222373,380.8219852,379.1151074,378.0940468,377.7542073
492,0.38108661417322837,400.0,397.3534005,395.0863747,393.1888057,391.6504503,390.4628387,389.6193267,389.1151381,388.9473955
493,0.800244094488189,400.0,402.2012291,404.072442,405.63102,406.8896637,407.858466,408.5450985,408.9549487,409.0912125
494,0.3701299212598425,400.0,397.2329087,394.8623995,392.8779737,391.2690487,390.0268642,389.1445431,388.6171384,388.4416688
495,0.12321259842519686,400.0,394.5968079,389.9552178,386.0595642,382.894421,380.446724,378.706024,377.6646979,377.3181081
496,0.4567047244094488,400.0,398.1933759,396.6469393,395.3536113,394.3058184,393.4973422,392.9233325,392.5803171,392.4662105
497,0.7145275590551181,400.0,401.1709454,402.1669382,402.997402,403.6686015,404.1855564,404.552107,404.7709629,404.8437365
498,0.2904606299212598,400.0,396.365902,393.2499187,390.6391951,388.5210147,386.8847728,385.722094,385.0269264,384.7956118
499,0.3370196850393701,400.0,396.8706437,394.188831,391.9429965,390.1215995,388.7150575,387.7158289,387.1184788,386.9197275
